-- phpMyAdmin SQL Dump
-- version 4.6.6
-- https://www.phpmyadmin.net/
--
-- 主機: localhost
-- 產生時間： 2019-06-23 12:40:18
-- 伺服器版本: 5.7.17-log
-- PHP 版本： 5.6.30

SET SQL_MODE = "NO_AUTO_VALUE_ON_ZERO";
SET time_zone = "+00:00";


/*!40101 SET @OLD_CHARACTER_SET_CLIENT=@@CHARACTER_SET_CLIENT */;
/*!40101 SET @OLD_CHARACTER_SET_RESULTS=@@CHARACTER_SET_RESULTS */;
/*!40101 SET @OLD_COLLATION_CONNECTION=@@COLLATION_CONNECTION */;
/*!40101 SET NAMES utf8mb4 */;

--
-- 資料庫： `class`
--

-- --------------------------------------------------------

--
-- 資料表結構 `board`
--

CREATE TABLE `board` (
  `mid` varchar(10) COLLATE utf8_unicode_ci NOT NULL,
  `cid` varchar(10) COLLATE utf8_unicode_ci NOT NULL,
  `bid` int(10) NOT NULL,
  `date` date NOT NULL,
  `content` varchar(100) COLLATE utf8_unicode_ci NOT NULL,
  `cname` varchar(15) COLLATE utf8_unicode_ci NOT NULL
) ENGINE=InnoDB DEFAULT CHARSET=utf8 COLLATE=utf8_unicode_ci;

--
-- 資料表的匯出資料 `board`
--

INSERT INTO `board` (`mid`, `cid`, `bid`, `date`, `content`, `cname`) VALUES
('1041', 'IMB101', 3, '2019-05-07', '5/9下午1:00有邀請業界教師每組至少要派一個人參加', '電子商務'),
('1615', 'IMB121', 4, '2019-05-03', '5/8晚上18:00~21:00要補課喔，這次的東西很重要，5/9就不用上課了', '網頁程式設計'),
('1055', 'IMB051', 5, '2019-05-01', '5/7要交cheakpoint1', '資料庫管理'),
('1615', 'IMB121', 18, '2019-06-13', '6/6(四)丁丁有事所以停課一次 6/13(四)就是期末報告了', '網頁程式設計'),
('1615', 'IMB121', 20, '2019-06-13', '因為明天時間比較趕 報告提早到1.開始 請同學55分左右就到教室就定位 ', '網頁程式設計'),
('1615', 'IMB121', 21, '2019-06-13', '本周作業已經出好放在新版e平台 繳交期限為5/15(三) ', '網頁程式設計'),
('1615', 'IMB101', 30, '2019-06-23', '不要忘記交決賽文件喔', '網頁程式設計');

-- --------------------------------------------------------

--
-- 資料表結構 `choose`
--

CREATE TABLE `choose` (
  `uid` varchar(10) CHARACTER SET utf8 COLLATE utf8_unicode_ci NOT NULL,
  `mid` varchar(10) CHARACTER SET utf8 COLLATE utf8_unicode_ci NOT NULL,
  `cid` varchar(10) CHARACTER SET utf8 COLLATE utf8_unicode_ci NOT NULL,
  `medium` int(10) NOT NULL,
  `final` int(10) NOT NULL,
  `pass` varchar(5) CHARACTER SET utf8 COLLATE utf8_unicode_ci NOT NULL,
  `grade` varchar(3) CHARACTER SET utf8 COLLATE utf8_unicode_ci NOT NULL,
  `cname` varchar(20) CHARACTER SET utf8 COLLATE utf8_unicode_ci NOT NULL
) ENGINE=InnoDB DEFAULT CHARSET=utf8;

--
-- 資料表的匯出資料 `choose`
--

INSERT INTO `choose` (`uid`, `mid`, `cid`, `medium`, `final`, `pass`, `grade`, `cname`) VALUES
('a1063301', '1022', 'IMC662', 76, 79, 'P', '79', 'Web前端開發'),
('a1063301', '1068', 'IMC721', 78, 82, 'P', '85', 'Python程式設計'),
('a1063302', '1022', 'IMC662', 83, 76, 'P', '81', 'Web前端開發'),
('a1063302', '1068', 'IMC721', 67, 77, 'P', '78', 'Python程式設計'),
('a1063303', '1068', 'IMC721', 85, 88, 'P', '89', 'Python程式設計'),
('a1063304', '1022', 'IMC662', 76, 80, 'P', '77', 'Web前端開發'),
('a1063304', '1068', 'IMC721', 70, 57, 'P', '65', 'Python程式設計'),
('a1063306', '1022', 'IMC662', 53, 78, 'P', '60', 'Web前端開發'),
('a1063306', '1068', 'IMC721', 74, 80, 'P', '78', 'Python程式設計'),
('a1063307', '1022', 'IMC662', 79, 63, 'P', '71', 'Web前端開發'),
('a1063307', '1068', 'IMC721', 75, 82, 'P', '81', 'Python程式設計'),
('a1063308', '1068', 'IMC721', 80, 61, 'P', '71', 'Python程式設計'),
('a1063309', '1068', 'IMC721', 74, 79, 'P', '81', 'Python程式設計'),
('a1063310', '1068', 'IMC721', 77, 64, 'P', '76', 'Python程式設計'),
('a1063311', '1022', 'IMC662', 75, 82, 'P', '80', 'Web前端開發'),
('a1063311', '1068', 'IMC721', 77, 80, 'P', '81', 'Python程式設計'),
('a1063312', '1068', 'IMC721', 67, 77, 'P', '78', 'Python程式設計'),
('a1063313', '1068', 'IMC721', 70, 63, 'P', '71', 'Python程式設計'),
('a1063314', '1022', 'IMC662', 68, 51, 'F', '57', 'Web前端開發'),
('a1063314', '1068', 'IMC721', 57, 72, 'P', '60', 'Python程式設計'),
('a1063315', '1022', 'IMC662', 53, 68, 'P', '62', 'Web前端開發'),
('a1063315', '1068', 'IMC721', 73, 66, 'P', '70', 'Python程式設計'),
('a1063316', '1068', 'IMC721', 69, 82, 'P', '80', 'Python程式設計'),
('a1063317', '1068', 'IMC721', 60, 72, 'P', '65', 'Python程式設計'),
('a1063318', '1068', 'IMC721', 52, 33, 'F', '45', 'Python程式設計'),
('a1063319', '1068', 'IMC721', 72, 80, 'P', '79', 'Python程式設計'),
('a1063320', '1022', 'IMC662', 64, 77, 'P', '74', 'Web前端開發'),
('a1063320', '1068', 'IMC721', 69, 78, 'P', '76', 'Python程式設計'),
('a1063321', '1022', 'IMC662', 50, 63, 'F', '52', 'Web前端開發'),
('a1063321', '1068', 'IMC721', 76, 83, 'P', '81', 'Python程式設計'),
('a1063322', '1022', 'IMC662', 76, 70, 'P', '78', 'Web前端開發'),
('a1063322', '1068', 'IMC721', 76, 69, 'P', '71', 'Python程式設計'),
('a1063323', '1068', 'IMC721', 75, 80, 'P', '78', 'Python程式設計'),
('a1063324', '1068', 'IMC721', 70, 63, 'P', '69', 'Python程式設計'),
('a1063325', '1022', 'IMC662', 42, 30, 'F', '36', 'Web前端開發'),
('a1063325', '1068', 'IMC721', 20, 49, 'F', '44', 'Python程式設計'),
('a1063326', '1068', 'IMC721', 64, 66, 'P', '69', 'Python程式設計'),
('a1063328', '1022', 'IMC662', 78, 83, 'P', '80', 'Web前端開發'),
('a1063328', '1068', 'IMC721', 88, 82, 'P', '85', 'Python程式設計'),
('a1063329', '1022', 'IMC662', 70, 84, 'P', '82', 'Web前端開發'),
('a1063329', '1068', 'IMC721', 70, 64, 'P', '69', 'Python程式設計'),
('a1063330', '1068', 'IMC721', 62, 51, 'F', '58', 'Python程式設計'),
('a1063331', '1022', 'IMC662', 74, 78, 'P', '73', 'Web前端開發'),
('a1063331', '1068', 'IMC721', 50, 44, 'F', '49', 'Python程式設計'),
('a1063332', '1068', 'IMC721', 74, 80, 'P', '79', 'Python程式設計'),
('a1063334', '1022', 'IMC662', 74, 66, 'P', '70', 'Web前端開發'),
('a1063334', '1068', 'IMC721', 75, 81, 'P', '78', 'Python程式設計'),
('a1063335', '1068', 'IMC721', 75, 64, 'P', '71', 'Python程式設計'),
('a1063337', '1068', 'IMC721', 60, 53, 'F', '51', 'Python程式設計'),
('a1063338', '1022', 'IMC662', 52, 49, 'F', '54', 'Web前端開發'),
('a1063338', '1068', 'IMC721', 70, 68, 'P', '71', 'Python程式設計'),
('a1063339', '1022', 'IMC662', 70, 62, 'P', '67', 'Web前端開發'),
('a1063339', '1068', 'IMC721', 70, 66, 'P', '74', 'Python程式設計'),
('a1063340', '1022', 'IMC662', 64, 75, 'P', '68', 'Web前端開發'),
('a1063340', '1068', 'IMC721', 74, 66, 'P', '71', 'Python程式設計'),
('a1063341', '1068', 'IMC721', 43, 55, 'F', '51', 'Python程式設計'),
('a1063343', '1068', 'IMC721', 67, 64, 'P', '67', 'Python程式設計'),
('a1063346', '1022', 'IMC662', 63, 77, 'P', '72', 'Web前端開發'),
('a1063346', '1068', 'IMC721', 77, 63, 'P', '68', 'Python程式設計'),
('a1063348', '1022', 'IMC662', 53, 44, 'F', '41', 'Web前端開發'),
('a1063348', '1068', 'IMC721', 63, 70, 'P', '68', 'Python程式設計'),
('a1063349', '1068', 'IMC721', 74, 70, 'P', '73', 'Python程式設計'),
('a1063350', '1068', 'IMC721', 45, 57, 'F', '56', 'Python程式設計'),
('a1063351', '1068', 'IMC721', 64, 75, 'P', '68', 'Python程式設計');

-- --------------------------------------------------------

--
-- 資料表結構 `core`
--

CREATE TABLE `core` (
  `uid` varchar(10) CHARACTER SET utf8 COLLATE utf8_unicode_ci NOT NULL,
  `mid` varchar(10) CHARACTER SET utf8 COLLATE utf8_unicode_ci NOT NULL,
  `cid` varchar(10) CHARACTER SET utf8 COLLATE utf8_unicode_ci NOT NULL,
  `pass` varchar(5) CHARACTER SET utf8 COLLATE utf8_unicode_ci NOT NULL,
  `grade` varchar(3) CHARACTER SET utf8 COLLATE utf8_unicode_ci NOT NULL,
  `cname` varchar(20) CHARACTER SET utf8 COLLATE utf8_unicode_ci NOT NULL
) ENGINE=InnoDB DEFAULT CHARSET=utf8;

--
-- 資料表的匯出資料 `core`
--

INSERT INTO `core` (`uid`, `mid`, `cid`, `pass`, `grade`, `cname`) VALUES
('a1063301', '4073', 'CCI121', 'P', '81', '哲學基本問題 '),
('a1063301', '4053', 'CCO311', 'P', '74', '法律與人生'),
('a1063303', '4051', 'CCI251', 'P', '81', '台灣藝術史'),
('a1063304', '4098 ', 'CCC541', 'P', '78', '科技與社會'),
('a1063304', '4083', 'CCI125', 'P', '78', '哲學基本問題'),
('a1063306', '4032', 'CCC611', 'P', '89', '環境倫理'),
('a1063307', '4088', 'CCC612', 'P', '71', '環境倫理'),
('a1063307', '4083', 'CCC682', 'P', '89', '科技與工程倫理'),
('a1063307', '4012', 'CCI122', 'P', '79', '哲學基本問題'),
('a1063307', '4023', 'CCI211', 'P', '80', '藝術概論'),
('a1063309', '4012', 'CCI122', 'P', '69', '哲學基本問題'),
('a1063310', '4077', 'CCC514', 'P', '88', '科普讀物導讀'),
('a1063311', '4063', 'CCC543', 'P', '80', '科技與社會'),
('a1063311', '4020', 'CCO424', 'P', '79', '探索台灣－歷史篇'),
('a1063312', '4098 ', 'CCC541', 'P', '79', '科技與社會'),
('a1063313', '4077', 'CCC514', 'P', '78', '科普讀物導讀'),
('a1063313', '4063', 'CCC543', 'P', '70', '科技與社會'),
('a1063313', '4076', 'CCC545', 'P', '87', '科技與社會'),
('a1063314', '4032', 'CCC611', 'P', '75', '環境倫理'),
('a1063314', '4083', 'CCI125', 'P', '80', '哲學基本問題'),
('a1063315', '4073', 'CCI121', 'P', '87', '哲學基本問題 '),
('a1063316', '4020', 'CCO424', 'P', '78', '探索台灣－歷史篇'),
('a1063317', '4074', 'CCI261', 'P', '78', '西洋藝術史概論'),
('a1063317', '4060', 'CCO413', 'P', '85', '全球化與多元文化 '),
('a1063317', '4020', 'CCO424', 'P', '78', '探索台灣－歷史篇'),
('a1063318', '4082', 'CCC512', 'P', '73', '科普讀物導讀'),
('a1063319', '4088', 'CCC612', 'P', '79', '環境倫理'),
('a1063321', '4077', 'CCC514', 'P', '70', '科普讀物導讀'),
('a1063322', '4063', 'CCC681', 'P', '84', '科技與工程倫理'),
('a1063322', '4060', 'CCO413', 'P', '71', '全球化與多元文化'),
('a1063323', '4095', 'CCO312', 'P', '70', '法律與人生'),
('a1063324', '4063', 'CCC681', 'P', '75', '科技與工程倫理'),
('a1063325', '4029', 'CCO363', 'P', '67', '媒體識讀與公民參與'),
('a1063329', '4053', 'CCO311', 'P', '89', '法律與人生'),
('a1063331', '4032', 'CCC611', 'P', '78', '環境倫理'),
('a1063332', '4029', 'CCO363', 'P', '93', '媒體識讀與公民參與'),
('a1063334', '4060', 'CCO413', 'P', '63', '全球化與多元文化 '),
('a1063335', '4098 ', 'CCC541', 'P', '89', '科技與社會'),
('a1063337', '4063', 'CCC543', 'P', '80', '科技與社會'),
('a1063339', '4082', 'CCC512', 'P', '78', '科普讀物導讀'),
('a1063339', '4076', 'CCC545', 'P', '73', '科技與社會'),
('a1063346', '4077', 'CCC514', 'P', '79', '科普讀物導讀'),
('a1063348', '4051', 'CCI251', 'P', '76', '台灣藝術史'),
('a1063349', '4095', 'CCO313', 'P', '79', '法律與人生'),
('a1063351', '4082', 'CCC512', 'P', '60', '科普讀物導讀'),
('a1063351', '4063', 'CCC543', 'P', '68', '科技與社會'),
('a1063351', '4052', 'CCC651', 'P', '67', '企業倫理');

-- --------------------------------------------------------

--
-- 資料表結構 `coreclass`
--

CREATE TABLE `coreclass` (
  `mid` varchar(10) CHARACTER SET utf8 COLLATE utf8_unicode_ci NOT NULL,
  `cid` varchar(10) CHARACTER SET utf8 COLLATE utf8_unicode_ci NOT NULL,
  `cname` varchar(20) CHARACTER SET utf8 COLLATE utf8_unicode_ci NOT NULL,
  `type` varchar(15) CHARACTER SET utf8 COLLATE utf8_unicode_ci NOT NULL
) ENGINE=InnoDB DEFAULT CHARSET=utf8;

--
-- 資料表的匯出資料 `coreclass`
--

INSERT INTO `coreclass` (`mid`, `cid`, `cname`, `type`) VALUES
('4012', 'CCI122', '哲學基本問題', '思維方法'),
('4012', 'CCI123', '哲學基本問題', '思維方法'),
('4012', 'CCI124', '哲學基本問題', '思維方法'),
('4020', 'CCO423', '探索台灣－歷史篇', '文化素養'),
('4020', 'CCO424', '探索台灣－歷史篇', '文化素養'),
('4023', 'CCC513', '科普讀物導讀', '科學素養'),
('4023', 'CCI211', '藝術概論', '美學素養'),
('4029', 'CCO363', '媒體識讀與公民參與', '公民素養'),
('4032', 'CCC611', '環境倫理', '倫理素養'),
('4051', 'CCI213', '藝術概論', '美學素養'),
('4051', 'CCI251', '台灣藝術史', '美學素養'),
('4052', 'CCC613', '環境倫理', '倫理素養'),
('4052', 'CCC614', '環境倫理', '倫理素養'),
('4053', 'CCO311', '法律與人生', '公民素養'),
('4060', 'CCO413', '全球化與多元文化', '文化素養'),
('4060', 'CCO414', '全球化與多元文化', '文化素養'),
('4061', 'CCC651', '企業倫理', '倫理素養'),
('4063', 'CCC543', '科技與社會', '科學素養'),
('4063', 'CCC544', '科技與社會', '科學素養'),
('4063', 'CCC681', '科技與工程倫理', '科學素養'),
('4067', 'CCO361', '媒體識讀與公民參與', '思維方法'),
('4067', 'CCO362', '媒體識讀與公民參與', '思維方法'),
('4067', 'CCO411', '全球化與多元文化', '文化素養'),
('4073', 'CCI121', '哲學基本問題', '思維方法'),
('4074', 'CCI261', '西洋藝術史概論', '美學素養'),
('4075', 'CCI262', '西洋藝術史概論', '美學素養'),
('4075', 'CCI263', '西洋藝術史概論', '美學素養'),
('4076', 'CCC545', '科技與社會', '科學素養'),
('4077', 'CCC514', '科普讀物導讀', '科學素養'),
('4077', 'CCC542', '科技與社會', '科學素養'),
('4081', 'CCO412', '全球化與多元文化', '文化素養'),
('4081', 'CCO421', '探索台灣-政經篇', '文化素養'),
('4082', 'CCC512', '科普讀物導讀', '科學素養'),
('4083', 'CCC682', '科技與工程倫理', '倫理素養'),
('4083', 'CCI125', '哲學基本問題', '思維方法'),
('4088', 'CCC612', '環境倫理', '倫理素養'),
('4095', 'CCO312', '法律與人生', '公民素養'),
('4095', 'CCO313', '法律與人生', '公民素養'),
('4098', 'CCC541', '科技與社會', '科學素養'),
('4099', 'CCI212', '藝術概論', '美學素養');

-- --------------------------------------------------------

--
-- 資料表結構 `discuss`
--

CREATE TABLE `discuss` (
  `uid` varchar(15) COLLATE utf8_unicode_ci DEFAULT NULL,
  `mid` varchar(10) COLLATE utf8_unicode_ci DEFAULT NULL,
  `name` varchar(40) COLLATE utf8_unicode_ci NOT NULL,
  `cid` varchar(10) COLLATE utf8_unicode_ci NOT NULL,
  `cname` varchar(15) COLLATE utf8_unicode_ci NOT NULL,
  `did` int(10) NOT NULL,
  `content` varchar(100) COLLATE utf8_unicode_ci NOT NULL,
  `date` date NOT NULL
) ENGINE=InnoDB DEFAULT CHARSET=utf8 COLLATE=utf8_unicode_ci;

--
-- 資料表的匯出資料 `discuss`
--

INSERT INTO `discuss` (`uid`, `mid`, `name`, `cid`, `cname`, `did`, `content`, `date`) VALUES
('a1063321', '', '劉晉杰', 'IMB02B', '統計學(二)', 1, '請問10.29的那題有人會算嗎', '2019-05-09'),
('a1063337', '', '曾鈺勝', 'IMB101', '電子商務', 2, '要怎麼讓銷量變好呢', '2019-05-01'),
('a1063310', NULL, '廖七分', 'IMB02B', '統計學(二)', 3, '同上想知道', '2019-06-07'),
('a1063317', NULL, '陳侑均', 'IMB121', '網頁程式設計	', 4, '5/9號要上課嗎', '2019-06-02'),
(NULL, '1615', '丁一賢', 'IMB121', '網頁程式設計', 5, '不用', '2019-05-22'),
(NULL, '1068', '蕭漢威', 'IMC721', 'Python程式設計', 6, '同學有想要玩的套件可以丟上來分享 ', '2019-05-26'),
('a1063317', NULL, '陳侑均', 'IMB051', '資料庫管理', 7, '好吧好吧', '2019-05-10'),
('a1063307', 'NULL', '王郁婷', 'CCC682', '', 8, '1111', '2019-06-12'),
('a1063307', 'NULL', '王郁婷', 'IMB051', '資料庫管理', 9, '112', '2019-06-12'),
('a1063307', 'NULL', '王郁婷', 'IMB101', '電子商務', 12, '快來買泡菜啦!', '2019-06-12'),
('a1063307', 'NULL', '王郁婷', 'IMB051', '資料庫管理', 13, '安安\r\n', '2019-06-13'),
('a1063307', 'NULL', '王郁婷', 'IMB051', '資料庫管理', 14, '哀 安 安', '2019-06-13'),
('a1063307', 'NULL', '王郁婷', 'IMB02B', '統計學(二)', 16, '用ANOVA單尾的就可以算得出來了\r\n', '2019-06-13'),
('a1063307', 'NULL', '王郁婷', '4', '資料庫管理', 21, 'ㄍ', '2019-06-23');

-- --------------------------------------------------------

--
-- 資料表結構 `evaluation`
--

CREATE TABLE `evaluation` (
  `cname` varchar(15) COLLATE utf8_unicode_ci NOT NULL,
  `cid` varchar(10) COLLATE utf8_unicode_ci NOT NULL,
  `eid` int(10) NOT NULL,
  `content` varchar(100) COLLATE utf8_unicode_ci NOT NULL,
  `uid` varchar(10) COLLATE utf8_unicode_ci NOT NULL,
  `score` varchar(10) COLLATE utf8_unicode_ci NOT NULL
) ENGINE=InnoDB DEFAULT CHARSET=utf8 COLLATE=utf8_unicode_ci;

--
-- 資料表的匯出資料 `evaluation`
--

INSERT INTO `evaluation` (`cname`, `cid`, `eid`, `content`, `uid`, `score`) VALUES
('統計學(二)', 'IMB02B', 1, '想一修再修', 'a1063313', '4'),
('統計學(二)', 'IMB02B', 2, '好課真的學到很多', 'a1063321', '5'),
('資料庫管理', 'IMB051', 3, '好累不想修第二遍', 'a1063317', '3'),
('資料庫管理', 'IMB051', 5, '老師以為一學期只有3學分', 'a1063328', '2'),
('網頁程式設計', 'IMB121', 6, '很實用的後端', 'a1063337', '4'),
('Python程式設計', 'IMC721', 7, 'python意外的很好玩', 'a1063306', '4'),
('科普讀物導讀', 'CCC513', 8, '有點硬不能混', 'a1063320', '3'),
('科技與社會', 'CCC542', 9, '老師人很好玩手機也沒差', 'a1063304', '4'),
('環境倫理', 'CCC613', 10, '蠻硬的課但很有幫助', 'a1063313', '4'),
('科技與工程倫理', 'CCC681', 11, '第二節再去就好，都那時候點名', 'a1063303', '5'),
('哲學基本問題', 'CCI125', 12, '營養學分', 'a1063314', '5'),
('法律與人生', 'CCO311', 13, '可以不用去的那種，期末90', 'a1063301', '5'),
('探索台灣－歷史篇', 'CCO424', 14, '別修，老師很….', 'a1063316', '2'),
('自我管理與生涯規劃', 'SOA372', 15, '冷氣很涼，沒了', 'a1063313', '4'),
('台灣之流行音樂與社會變遷', 'LIA497', 16, '同堂的女生蠻好看的', 'a1063322', '4'),
('電子商務', 'IMB101', 17, '要修就要賣東西', 'a1063349', '4'),
('臺灣原住民族文化', 'LIA842', 18, '選了之後就後悔了', 'a1063325', '1'),
('日本社會與語言', 'LIB032', 19, '缺學分的可以選', 'a1063338', '4'),
('英語口語表達', 'LIB090', 20, '老師常常遲到', 'a1063349', '3'),
('光合作用與減碳 ', 'SCA233', 21, '涼課', 'a1063334', '5'),
('人類生殖探秘', 'SCA621', 22, '老師給分棒棒的', 'a1063324', '5'),
('網球運動理論與實務', 'SCA731', 23, '我絕對不會爆雷婦聯4的', 'a1063304', '3'),
('羽球運動理論與實務', 'SCA761', 24, '暴雷一時爽一直暴雷一直爽', 'a1063321', '4'),
('生活經濟學', 'SOA012', 25, '老師給分小低', 'a1063325', '4'),
('壓力情緒管理', 'SOA972', 26, '根本不知道我去是在幹嘛的', 'a1063320', '3'),
('服務學習', 'SOB105', 27, '不知道學了甚麼，但過了', 'a1063348', '4'),
('統計學(二)', 'IMB121', 28, '後端超酷!', 'a1063307', '5'),
('', 'IMB02B', 29, '記得喔!', 'a1063307', '5'),
('', 'IMB101', 30, '快來買東西', 'a1063307', '4.5'),
('', 'IMB101', 31, '高雄發大財', 'a1063307', '4'),
('網頁程式設計	', 'IMB051', 32, '修過的話真的可以學到很多的東西，前提要修得過', 'a1063307', '3'),
('網頁程式設計	', 'IMB121', 33, '超級累QQ', 'a1063307', '3'),
('網頁程式設計	', 'IMB02B', 34, '老師上課說真的讓人有點想睡覺，但有認真聽的話還不錯', 'a1063307', '4'),
('網頁程式設計	', 'IMB121', 35, '老師很忙，常常沒辦法上課，但有上課就很認真的教', 'a1063307', '4'),
('網頁程式設計	', 'IMB121', 36, '想學更多的PHP', 'a1063307', '5'),
('網頁程式設計	', 'IMB121', 37, '後端真的超好用的', 'a1063307', '3'),
('網頁程式設計	', 'IMB121', 38, '其實沒有很喜歡寫程式哈哈，但客還是很有趣的', 'a1063307', '4'),
('??????', 'SOA972', 40, '', 'a1063307', ''),
('統計學(二)', 'IMB02B', 44, '統計好好玩', 'a1063307', '5'),
('', 'IMC662', 45, '不要忘記交決賽文件喔', 'a1063307', '2'),
('哲學基本問題', 'IMB02B', 46, '不要忘記交決賽文件喔', 'a1063307', '4.5'),
('哲學基本問題', 'IMB02B', 47, '不要忘記交決賽文件喔', 'a1063307', '2');

-- --------------------------------------------------------

--
-- 資料表結構 `manager`
--

CREATE TABLE `manager` (
  `num` int(100) NOT NULL,
  `name` varchar(20) COLLATE utf8_unicode_ci NOT NULL,
  `email` varchar(160) COLLATE utf8_unicode_ci NOT NULL,
  `id` varchar(20) COLLATE utf8_unicode_ci NOT NULL,
  `pwd` varchar(20) COLLATE utf8_unicode_ci NOT NULL
) ENGINE=InnoDB DEFAULT CHARSET=utf8 COLLATE=utf8_unicode_ci;

--
-- 資料表的匯出資料 `manager`
--

INSERT INTO `manager` (`num`, `name`, `email`, `id`, `pwd`) VALUES
(1, '丁一賢', 'fbck3624@gmail.com', '1615', '1615');

-- --------------------------------------------------------

--
-- 資料表結構 `mdata`
--

CREATE TABLE `mdata` (
  `ID` varchar(10) COLLATE utf8_unicode_ci NOT NULL,
  `name` varchar(10) COLLATE utf8_unicode_ci NOT NULL,
  `email` varchar(30) COLLATE utf8_unicode_ci NOT NULL,
  `pwd` varchar(15) COLLATE utf8_unicode_ci NOT NULL
) ENGINE=InnoDB DEFAULT CHARSET=utf8 COLLATE=utf8_unicode_ci;

--
-- 資料表的匯出資料 `mdata`
--

INSERT INTO `mdata` (`ID`, `name`, `email`, `pwd`) VALUES
('1022', '廖洧杰', '1022@mail.nuk.edu.tw', '1022'),
('1024', '吳建興', '1024@mail.nuk.edu.tw', '1024'),
('1041', '林杏子', '1041@mail.nuk.edu.tw', '1041'),
('1055', '楊子賢', '1055@mail.nuk.edu.tw', '1055'),
('1068', '蕭漢威', '1068@mail.nuk.edu.tw', '1068'),
('12345', '小黃', 'fbck3624@gmail.com', '54321'),
('1615', '丁一賢', '1615@mail.nuk.edu.tw', '1615'),
('2003', '李坤哲', '2003@ mail.nuk.edu.tw', '2003'),
('2012', '蘇永銘', '2012@ mail.nuk.edu.tw', '2012'),
('2035', '曾梓峰', '2035@ mail.nuk.edu.tw', '2035'),
('2038', '趙志宏', '2038@ mail.nuk.edu.tw', '2038'),
('2040', '董建弘', '2040@ mail.nuk.edu.tw', '2040'),
('2044', '陳奕亮', '2044@ mail.nuk.edu.tw', '2044'),
('2048', '曾智義', '2048@ mail.nuk.edu.tw', '2048'),
('2051', '高群超', '2051@ mail.nuk.edu.tw', '2051'),
('2054', '蔡毓娟', '2054@ mail.nuk.edu.tw', '2054'),
('2056', '王恒隆', '2056@ mail.nuk.edu.tw', '2056'),
('2061', '王士仁', '2061@ mail.nuk.edu.tw', '2061'),
('2064', '李福恩', '2064@ mail.nuk.edu.tw', '2064'),
('2073', '劉紹東', '2073@ mail.nuk.edu.tw	', '2073'),
('2079', '戴秀卿', '2079@ mail.nuk.edu.tw', '2079'),
('2083', '楊文仁', '2083@ mail.nuk.edu.tw', '2083'),
('2089', '葉天相', '2089@ mail.nuk.edu.tw', '2089'),
('2091', '劉明坤', '2091@ mail.nuk.edu.tw	', '2091'),
('2099', '孫美蓮', '2099@ mail.nuk.edu.tw', '2099'),
('3001', '倪華緣', '3001@ mail.nuk.edu.tw', '3001'),
('3011', '翁嵐瑜', '3011@ mail.nuk.edu.tw', '3011'),
('3022', '許建華', '3022@ mail.nuk.edu.tw', '3022'),
('3030', '王淑雱', '3030@ mail.nuk.edu.tw', '3030'),
('3039', '翁烔慶', '3039@mail.nuk.edu.tw	', '3039'),
('3041', '歐素雯', '3041@ mail.nuk.edu.tw', '3041'),
('3043', '錢秋茜', '3043@ mail.nuk.edu.tw', '3043'),
('3047', '陳怡靜', '3047@mail.nuk.edu.tw', '3047'),
('3051', '陳信智', '3051@ mail.nuk.edu.tw', '3051'),
('3056', '蔡麗芬', '3056@mail.nuk.edu.tw', '3056'),
('3060', '唐淑芳', '3060@ mail.nuk.edu.tw', '3060'),
('3061', '張忠進', '3061@mail.nuk.edu.tw', '3061'),
('3072', '蔡仁傑', '3072@mail.nuk.edu.tw', '3072'),
('3074', '王海玲', '3074@mail.nuk.edu.tw', '3074'),
('3076', '林富水', '3076@ mail.nuk.edu.tw', '3076'),
('3081', '林于盛', '3081@mail.nuk.edu.tw', '3081'),
('3088', '高美芸', '3088@mail.nuk.edu.tw', '3088'),
('3092', '蕭愛蓉', '3092@mail.nuk.edu.tw', '3092'),
('3096', '陳猷青', '3096@mail.nuk.edu.tw', '3096'),
('4001', '洪鼎惟', '4001@mail.nuk.edu.tw', '4001'),
('4012', '陳德興', '4012@mail.nuk.edu.tw', '4012'),
('4020', '楊書濠', '4020@mail.nuk.edu.tw', '4020'),
('4023', '林殷齊', '4023@mail.nuk.edu.tw', '4023'),
('4029 ', '曾也慎', '4029@mail.nuk.edu.tw', '4029'),
('4032', '林師平', '4032@mail.nuk.edu.tw', '4032'),
('4033', '胡忠信', '4033@mail.nuk.edu.tw', '4033'),
('4051', '蔡佩玲', '4051@mail.nuk.edu.tw', '4051'),
('4052', '林淑文', '4052@mail.nuk.edu.tw', '4052'),
('4053', '許震宇', '4053@mail.nuk.edu.tw', '4053'),
('4060', '劉子昱', '4060@mail.nuk.edu.tw', '4060'),
('4061', '陳致仁', '4061@mail.nuk.edu.tw', '4061'),
('4063', '許藝騰', '4063@mail.nuk.edu.tw', '4063'),
('4067', '洪聖斐', '4067@mail.nuk.edu.tw', '4067'),
('4073', '陳今偉', '4073@mail.nuk.edu.tw', '4073'),
('4074 ', '歐陽蒨', '4073@mail.nuk.edu.tw', '4074'),
('4075', '羅文秀', '4075@mail.nuk.edu.tw', '4075'),
('4076', '陳怡夫', '4076@mail.nuk.edu.tw', '4076'),
('4077', '倪麥童', '4077@mail.nuk.edu.tw', '4077'),
('4081', '陳俊昇', '4081@mail.nuk.edu.tw', '4081'),
('4082', '高佑靈', '4082@mail.nuk.edu.tw', '4082'),
('4083', '黃鼎元', '4083@mail.nuk.edu.tw', '4083'),
('4088', '周孟麟', '4088@mail.nuk.edu.tw', '4088'),
('4095', '陳進郁', '4095@mail.nuk.edu.tw', '4095'),
('4098 ', '林明良', '4098@mail.nuk.edu.tw', '4098'),
('4099', '陳姿菁', '4099@mail.nuk.edu.tw', '4099'),
('5001', '蔣遠平', '5001@ mail.nuk.edu.tw', '5001'),
('5002', '曾榮豐', '5002@ mail.nuk.edu.tw', '5002'),
('5003', '鄭育仁', '5003@ mail.nuk.edu.tw', '5003'),
('5004', '李亭林', '5004@ mail.nuk.edu.tw', '5004'),
('5005', '李佩瑾', '5005@ mail.nuk.edu.tw', '5005'),
('5006', '張永明', '5006@ mail.nuk.edu.tw', '5006'),
('5007', '陳一民', '5007@ mail.nuk.edu.tw', '5007'),
('5008', '鄭為松', '5008@ mail.nuk.edu.tw', '5008'),
('5009', '陳永安', '5009@ mail.nuk.edu.tw', '5009'),
('5010', '柯慈姍', '5010@ mail.nuk.edu.tw', '5010'),
('5011', '楊戊龍', '5011@ mail.nuk.edu.tw', '5011'),
('5012', '余進忠', '5012@ mail.nuk.edu.tw', '5012'),
('5013', '朱朝煌', '5013@ mail.nuk.edu.tw', '5013'),
('5014', '吳孝慈', '5014@ mail.nuk.edu.tw', '5014'),
('5015', '游明珠', '5015@ mail.nuk.edu.tw', '5015'),
('5039', '鄭義暉', '5039@ mail.nuk.edu.tw', '5039'),
('5048', '陳靜儀', '5048@ mail.nuk.edu.tw', '5048'),
('5086', '蔡宗廷', '5086@ mail.nuk.edu.tw', '5086');

-- --------------------------------------------------------

--
-- 資料表結構 `mustclass`
--

CREATE TABLE `mustclass` (
  `uid` varchar(10) COLLATE utf8_unicode_ci NOT NULL,
  `mid` varchar(10) COLLATE utf8_unicode_ci NOT NULL,
  `cid` varchar(10) COLLATE utf8_unicode_ci NOT NULL,
  `medium` int(10) NOT NULL,
  `final` int(10) NOT NULL,
  `pass` varchar(5) COLLATE utf8_unicode_ci NOT NULL,
  `grade` varchar(10) COLLATE utf8_unicode_ci NOT NULL,
  `cname` varchar(15) COLLATE utf8_unicode_ci NOT NULL
) ENGINE=InnoDB DEFAULT CHARSET=utf8 COLLATE=utf8_unicode_ci;

--
-- 資料表的匯出資料 `mustclass`
--

INSERT INTO `mustclass` (`uid`, `mid`, `cid`, `medium`, `final`, `pass`, `grade`, `cname`) VALUES
('a1063301', '1024', 'IMB02B', 73, 82, 'P', '82', '統計學(二)'),
('a1063301', '1055', 'IMB051', 70, 79, 'P', '77', '資料庫管理'),
('a1063301', '1041', 'IMB101', 80, 72, 'P', '85', '電子商務'),
('a1063301', '1615', 'IMB121', 76, 82, 'P', '75', '網頁程式設計'),
('a1063302', '1024', 'IMB02B', 62, 66, 'P', '67', '統計學(二)'),
('a1063302', '1055', 'IMB051', 71, 77, 'P', '68', '資料庫管理'),
('a1063302', '1041', 'IMB101', 83, 76, 'P', '89', '電子商務'),
('a1063302', '1615', 'IMB121', 74, 75, 'P', '80', '網頁程式設計'),
('a1063303', '1024', 'IMB02B', 49, 75, 'P', '60', '統計學(二)'),
('a1063303', '1055', 'IMB051', 57, 74, 'P', '64', '資料庫管理'),
('a1063303', '1041', 'IMB101', 61, 74, 'P', '62', '電子商務'),
('a1063303', '1615', 'IMB121', 68, 77, 'P', '81', '網頁程式設計'),
('a1063304', '1024', 'IMB02B', 60, 52, 'F', '55', '統計學(二)'),
('a1063304', '1055', 'IMB051', 60, 65, 'P', '70', '資料庫管理'),
('a1063304', '1041', 'IMB101', 64, 70, 'P', '70', '電子商務'),
('a1063304', '1615', 'IMB121', 73, 62, 'P', '76', '網頁程式設計'),
('a1063306', '1024', 'IMB02B', 49, 46, 'F', '52', '統計學(二)'),
('a1063306', '1055', 'IMB051', 40, 43, 'F', '12', '資料庫管理'),
('a1063306', '1041', 'IMB101', 68, 74, 'P', '72', '電子商務'),
('a1063306', '1615', 'IMB121', 78, 64, 'P', '71', '網頁程式設計'),
('a1063307', '1024', 'IMB02B', 90, 60, 'P', '60', '統計學(二)'),
('a1063307', '1055', 'IMB051', 80, 77, 'P', '84', '資料庫管理'),
('a1063307', '1041', 'IMB101', 64, 78, 'P', '77', '電子商務'),
('a1063307', '1615', 'IMB121', 82, 81, 'P', '75', '網頁程式設計'),
('a1063308', '1024', 'IMB02B', 68, 71, 'P', '71', '統計學(二)'),
('a1063308', '1055', 'IMB051', 60, 72, 'P', '65', '資料庫管理'),
('a1063308', '1041', 'IMB101', 75, 70, 'P', '73', '電子商務'),
('a1063308', '1615', 'IMB121', 59, 73, 'P', '69', '網頁程式設計'),
('a1063309', '1024', 'IMB02B', 68, 72, 'P', '69', '統計學(二)'),
('a1063309', '1055', 'IMB051', 53, 67, 'P', '61', '資料庫管理'),
('a1063309', '1041', 'IMB101', 74, 80, 'P', '76', '電子商務'),
('a1063309', '1615', 'IMB121', 75, 88, 'P', '82', '網頁程式設計'),
('a1063310', '1024', 'IMB02B', 68, 81, 'P', '73', '統計學(二)'),
('a1063310', '1055', 'IMB051', 67, 75, 'P', '72', '資料庫管理'),
('a1063310', '1041', 'IMB101', 83, 80, 'P', '82', '電子商務'),
('a1063310', '1615', 'IMB121', 84, 81, 'P', '89', '網頁程式設計'),
('a1063311', '1024', 'IMB02B', 75, 69, 'P', '73', '統計學(二)'),
('a1063311', '1055', 'IMB051', 74, 75, 'P', '77', '資料庫管理'),
('a1063311', '1041', 'IMB101', 74, 89, 'P', '83', '電子商務'),
('a1063311', '1615', 'IMB121', 75, 87, 'P', '80', '網頁程式設計'),
('a1063312', '1024', 'IMB02B', 75, 83, 'P', '78', '統計學(二)'),
('a1063312', '1055', 'IMB051', 58, 68, 'P', '60', '資料庫管理'),
('a1063312', '1041', 'IMB101', 79, 84, 'P', '87', '電子商務'),
('a1063312', '1615', 'IMB121', 67, 79, 'P', '68', '網頁程式設計'),
('a1063313', '1024', 'IMB02B', 52, 73, 'P', '67', '統計學(二)'),
('a1063313', '1055', 'IMB051', 60, 60, 'P', '61', '資料庫管理'),
('a1063313', '1041', 'IMB101', 70, 69, 'P', '72', '電子商務'),
('a1063313', '1615', 'IMB121', 60, 70, 'P', '67', '網頁程式設計'),
('a1063314', '1024', 'IMB02B', 71, 76, 'P', '72', '統計學(二)'),
('a1063314', '1055', 'IMB051', 40, 36, 'F', '29', '資料庫管理'),
('a1063314', '1041', 'IMB101', 60, 79, 'P', '78', '電子商務'),
('a1063314', '1615', 'IMB121', 65, 73, 'P', '67', '網頁程式設計'),
('a1063315', '1024', 'IMB02B', 64, 70, 'P', '68', '統計學(二)'),
('a1063315', '1055', 'IMB051', 52, 72, 'P', '65', '資料庫管理'),
('a1063315', '1041', 'IMB101', 40, 79, 'P', '60', '電子商務'),
('a1063315', '1615', 'IMB121', 48, 67, 'P', '61', '網頁程式設計'),
('a1063316', '1024', 'IMB02B', 58, 69, 'P', '75', '統計學(二)'),
('a1063316', '1055', 'IMB051', 70, 61, 'P', '68', '資料庫管理'),
('a1063316', '1041', 'IMB101', 74, 85, 'P', '81', '電子商務'),
('a1063316', '1615', 'IMB121', 67, 75, 'P', '78', '網頁程式設計'),
('a1063317', '1024', 'IMB02B', 52, 76, 'P', '74', '統計學(二)'),
('a1063317', '1055', 'IMB051', 60, 60, 'P', '60', '資料庫管理'),
('a1063317', '1041', 'IMB101', 61, 87, 'P', '73', '電子商務'),
('a1063317', '1615', 'IMB121', 59, 78, 'P', '68', '網頁程式設計'),
('a1063318', '1024', 'IMB02B', 66, 84, 'P', '78', '統計學(二)'),
('a1063318', '1055', 'IMB051', 35, 45, 'F', '40', '資料庫管理'),
('a1063318', '1041', 'IMB101', 53, 56, 'F', '52', '電子商務'),
('a1063318', '1615', 'IMB121', 67, 78, 'P', '69', '網頁程式設計'),
('a1063319', '1024', 'IMB02B', 74, 81, 'P', '80', '統計學(二)'),
('a1063319', '1055', 'IMB051', 77, 84, 'P', '79', '資料庫管理'),
('a1063319', '1041', 'IMB101', 73, 79, 'P', '80', '電子商務'),
('a1063319', '1615', 'IMB121', 76, 83, 'P', '81', '網頁程式設計'),
('a1063320', '1024', 'IMB02B', 76, 80, 'P', '77', '統計學(二)'),
('a1063320', '1055', 'IMB051', 60, 74, 'P', '73', '資料庫管理'),
('a1063320', '1041', 'IMB101', 84, 88, 'P', '90', '電子商務'),
('a1063320', '1615', 'IMB121', 67, 63, 'P', '70', '網頁程式設計'),
('a1063321', '1024', 'IMB02B', 42, 47, 'F', '50', '統計學(二)'),
('a1063321', '1055', 'IMB051', 67, 76, 'P', '78', '資料庫管理'),
('a1063321', '1041', 'IMB101', 61, 78, 'P', '69', '電子商務'),
('a1063321', '1615', 'IMB121', 76, 82, 'P', '81', '網頁程式設計'),
('a1063322', '1024', 'IMB02B', 51, 71, 'P', '64', '統計學(二)'),
('a1063322', '1055', 'IMB051', 51, 70, 'P', '68', '資料庫管理'),
('a1063322', '1041', 'IMB101', 60, 78, 'P', '73', '電子商務'),
('a1063322', '1615', 'IMB121', 76, 80, 'P', '78', '網頁程式設計'),
('a1063323', '1024', 'IMB02B', 59, 79, 'P', '67', '統計學(二)'),
('a1063323', '1055', 'IMB051', 35, 30, 'F', '39', '資料庫管理'),
('a1063323', '1041', 'IMB101', 74, 79, 'P', '79', '電子商務'),
('a1063323', '1615', 'IMB121', 50, 78, 'P', '60', '網頁程式設計'),
('a1063324', '1024', 'IMB02B', 43, 73, 'P', '66', '統計學(二)'),
('a1063324', '1055', 'IMB051', 45, 60, 'F', '57', '資料庫管理'),
('a1063324', '1041', 'IMB101', 70, 80, 'P', '78', '電子商務'),
('a1063324', '1615', 'IMB121', 63, 75, 'P', '65', '網頁程式設計'),
('a1063325', '1024', 'IMB02B', 57, 68, 'P', '65', '統計學(二)'),
('a1063325', '1055', 'IMB051', 60, 60, 'P', '62', '資料庫管理'),
('a1063325', '1041', 'IMB101', 67, 75, 'P', '68', '電子商務'),
('a1063325', '1615', 'IMB121', 45, 51, 'F', '58', '網頁程式設計'),
('a1063326', '1024', 'IMB02B', 64, 70, 'P', '65', '統計學(二)'),
('a1063326', '1055', 'IMB051', 40, 55, 'F', '49', '資料庫管理'),
('a1063326', '1041', 'IMB101', 90, 67, 'P', '82', '電子商務'),
('a1063326', '1615', 'IMB121', 53, 41, 'F', '58', '網頁程式設計'),
('a1063328', '1024', 'IMB02B', 63, 65, 'P', '67', '統計學(二)'),
('a1063328', '1055', 'IMB051', 50, 78, 'P', '73', '資料庫管理'),
('a1063328', '1041', 'IMB101', 85, 66, 'P', '79', '電子商務'),
('a1063328', '1615', 'IMB121', 57, 79, 'P', '76', '網頁程式設計'),
('a1063329', '1024', 'IMB02B', 67, 87, 'P', '73', '統計學(二)'),
('a1063329', '1055', 'IMB051', 45, 73, 'P', '62', '資料庫管理'),
('a1063329', '1041', 'IMB101', 42, 57, 'F', '51', '電子商務'),
('a1063329', '1615', 'IMB121', 68, 77, 'P', '65', '網頁程式設計'),
('a1063330', '1024', 'IMB02B', 68, 69, 'P', '73', '統計學(二)'),
('a1063330', '1055', 'IMB051', 70, 75, 'P', '73', '資料庫管理'),
('a1063330', '1041', 'IMB101', 78, 53, 'P', '69', '電子商務'),
('a1063330', '1615', 'IMB121', 67, 83, 'P', '71', '網頁程式設計'),
('a1063331', '1024', 'IMB02B', 57, 77, 'P', '72', '統計學(二)'),
('a1063331', '1055', 'IMB051', 60, 65, 'P', '61', '資料庫管理'),
('a1063331', '1041', 'IMB101', 76, 85, 'P', '79', '電子商務'),
('a1063331', '1615', 'IMB121', 77, 74, 'P', '78', '網頁程式設計'),
('a1063332', '1024', 'IMB02B', 69, 75, 'P', '79', '統計學(二)'),
('a1063332', '1055', 'IMB051', 64, 78, 'P', '74', '資料庫管理'),
('a1063332', '1041', 'IMB101', 62, 76, 'P', '67', '電子商務'),
('a1063332', '1615', 'IMB121', 80, 87, 'P', '89', '網頁程式設計'),
('a1063334', '1024', 'IMB02B', 67, 74, 'P', '78', '統計學(二)'),
('a1063334', '1055', 'IMB051', 30, 15, 'F', '31', '資料庫管理'),
('a1063334', '1041', 'IMB101', 69, 88, 'P', '81', '電子商務'),
('a1063334', '1615', 'IMB121', 53, 74, 'P', '69', '網頁程式設計'),
('a1063335', '1024', 'IMB02B', 62, 48, 'F', '53', '統計學(二)'),
('a1063335', '1055', 'IMB051', 47, 55, 'F', '51', '資料庫管理'),
('a1063335', '1041', 'IMB101', 61, 42, 'F', '55', '電子商務'),
('a1063335', '1615', 'IMB121', 74, 76, 'P', '78', '網頁程式設計'),
('a1063337', '1024', 'IMB02B', 67, 74, 'P', '78', '統計學(二)'),
('a1063337', '1055', 'IMB051', 60, 65, 'P', '62', '資料庫管理'),
('a1063337', '1041', 'IMB101', 72, 78, 'P', '75', '電子商務'),
('a1063337', '1615', 'IMB121', 76, 82, 'P', '79', '網頁程式設計'),
('a1063338', '1024', 'IMB02B', 31, 45, 'F', '40', '統計學(二)'),
('a1063338', '1055', 'IMB051', 53, 49, 'F', '53', '資料庫管理'),
('a1063338', '1041', 'IMB101', 73, 78, 'P', '73', '電子商務'),
('a1063338', '1615', 'IMB121', 68, 80, 'P', '78', '網頁程式設計'),
('a1063339', '1024', 'IMB02B', 53, 68, 'P', '62', '統計學(二)'),
('a1063339', '1055', 'IMB051', 64, 67, 'P', '63', '資料庫管理'),
('a1063339', '1041', 'IMB101', 53, 88, 'P', '78', '電子商務'),
('a1063339', '1615', 'IMB121', 64, 78, 'P', '70', '網頁程式設計'),
('a1063340', '1024', 'IMB02B', 52, 62, 'F', '57', '統計學(二)'),
('a1063340', '1055', 'IMB051', 64, 74, 'P', '67', '資料庫管理'),
('a1063340', '1041', 'IMB101', 74, 62, 'P', '71', '電子商務'),
('a1063340', '1615', 'IMB121', 67, 69, 'P', '71', '網頁程式設計'),
('a1063341', '1024', 'IMB02B', 70, 76, 'P', '73', '統計學(二)'),
('a1063341', '1055', 'IMB051', 60, 42, 'F', '51', '資料庫管理'),
('a1063341', '1041', 'IMB101', 75, 86, 'P', '80', '電子商務'),
('a1063341', '1615', 'IMB121', 68, 78, 'P', '76', '網頁程式設計'),
('a1063343', '1024', 'IMB02B', 72, 78, 'P', '76', '統計學(二)'),
('a1063343', '1055', 'IMB051', 70, 74, 'P', '68', '資料庫管理'),
('a1063343', '1041', 'IMB101', 60, 65, 'P', '61', '電子商務'),
('a1063343', '1615', 'IMB121', 60, 52, 'F', '51', '網頁程式設計'),
('a1063346', '1024', 'IMB02B', 79, 89, 'P', '90', '統計學(二)'),
('a1063346', '1055', 'IMB051', 45, 52, 'F', '49', '資料庫管理'),
('a1063346', '1041', 'IMB101', 57, 41, 'F', '53', '電子商務'),
('a1063346', '1615', 'IMB121', 63, 74, 'P', '69', '網頁程式設計'),
('a1063348', '1024', 'IMB02B', 50, 49, 'F', '44', '統計學(二)'),
('a1063348', '1055', 'IMB051', 59, 78, 'P', '76', '資料庫管理'),
('a1063348', '1041', 'IMB101', 62, 77, 'P', '78', '電子商務'),
('a1063348', '1615', 'IMB121', 69, 75, 'P', '73', '網頁程式設計'),
('a1063349', '1024', 'IMB02B', 66, 69, 'P', '66', '統計學(二)'),
('a1063349', '1055', 'IMB051', 40, 48, 'F', '39', '資料庫管理'),
('a1063349', '1041', 'IMB101', 62, 57, 'P', '62', '電子商務'),
('a1063349', '1615', 'IMB121', 63, 79, 'P', '81', '網頁程式設計'),
('a1063350', '1024', 'IMB02B', 67, 44, 'F', '52', '統計學(二)'),
('a1063350', '1055', 'IMB051', 47, 42, 'F', '54', '資料庫管理'),
('a1063350', '1041', 'IMB101', 64, 42, 'F', '54', '電子商務'),
('a1063350', '1615', 'IMB121', 61, 83, 'P', '71', '網頁程式設計'),
('a1063351', '1024', 'IMB02B', 65, 77, 'P', '80', '統計學(二)'),
('a1063351', '1055', 'IMB051', 45, 71, 'P', '65', '資料庫管理'),
('a1063351', '1041', 'IMB101', 63, 60, 'P', '63', '電子商務'),
('a1063351', '1615', 'IMB121', 75, 80, 'P', '81', '網頁程式設計');

-- --------------------------------------------------------

--
-- 資料表結構 `mvote`
--

CREATE TABLE `mvote` (
  `mnum` int(40) NOT NULL,
  `cnum` varchar(40) COLLATE utf8_unicode_ci NOT NULL,
  `vnum` varchar(40) COLLATE utf8_unicode_ci NOT NULL,
  `date` date NOT NULL,
  `voteissue` varchar(100) COLLATE utf8_unicode_ci NOT NULL
) ENGINE=InnoDB DEFAULT CHARSET=utf8 COLLATE=utf8_unicode_ci;

--
-- 資料表的匯出資料 `mvote`
--

INSERT INTO `mvote` (`mnum`, `cnum`, `vnum`, `date`, `voteissue`) VALUES
(1, 'A001', 'v02', '2019-06-13', '想吃什麼'),
(1, 'NULL', 'v04', '2019-05-13', '想吃什麼'),
(1, 'A001', 'v05', '2019-06-13', '是否同意罷免韓國瑜');

-- --------------------------------------------------------

--
-- 資料表結構 `pclass`
--

CREATE TABLE `pclass` (
  `mid` varchar(10) CHARACTER SET utf8 COLLATE utf8_unicode_ci NOT NULL,
  `cid` varchar(10) CHARACTER SET utf8 COLLATE utf8_unicode_ci NOT NULL,
  `cname` varchar(20) CHARACTER SET utf8 COLLATE utf8_unicode_ci NOT NULL
) ENGINE=InnoDB DEFAULT CHARSET=utf8;

--
-- 資料表的匯出資料 `pclass`
--

INSERT INTO `pclass` (`mid`, `cid`, `cname`) VALUES
('3001', 'LIB073', '初級印尼語(一)'),
('3011', 'LIB070', '全民英檢準備班'),
('3022', 'LIB089', '運動飲食英文'),
('3030', 'LIB087', '工商英文聽力和閱讀訓練'),
('3039', 'LIA213', '田野調查'),
('3039', 'LIA216', '籤詩文學與寺廟文化'),
('3039', 'LIA839', '臺灣與東南亞'),
('3041', 'LIB090', '英語口語表達'),
('3043', 'LIB068', '初級日語會話(二)'),
('3047', 'LIA497', '台灣之流行音樂與社會變遷'),
('3047', 'LIB013', '電影中的音樂媒介'),
('3047', 'LIB014', '從巴洛克到搖滾樂'),
('3051', 'LIB069', '職場英文聽讀訓練'),
('3056', 'LIA374', '古典音樂導聆'),
('3056', 'LIB015', '電影音樂欣賞'),
('3060', 'LIB088', '旅遊商務英文'),
('3061', 'LIA174', '新詩創作(A)'),
('3061', 'LIA184', '現代文學選讀與習作'),
('3072', 'LIA044', '氣的探索與體驗'),
('3072', 'LIA345', '基督宗教的生命教育'),
('3072', 'LIB032', '日本社會與語言'),
('3074', 'LIA714', '戲曲藝術入門與賞析'),
('3076', 'LIA842', '臺灣原住民族文化'),
('3081', 'LIA035', '佛教的人生智慧'),
('3088', 'LIA810', '電影文學與人生'),
('3092', 'LIA036', '禪宗經典智慧'),
('3092', 'LIA343', '人生哲學'),
('3096', 'LIA436', '中國古典詩詞選讀'),
('4020', 'LIA831', '臺灣歷史與文化'),
('4023', 'LIA638', '視覺文化藝術'),
('4073', 'LIA592', '意識哲學與科學'),
('4074', 'LIB086', '基礎法語(二)'),
('4075', 'LIA373', '音樂與戲劇');

-- --------------------------------------------------------

--
-- 資料表結構 `people`
--

CREATE TABLE `people` (
  `uid` varchar(10) CHARACTER SET utf8 COLLATE utf8_unicode_ci NOT NULL,
  `mid` varchar(10) CHARACTER SET utf8 COLLATE utf8_unicode_ci NOT NULL,
  `cid` varchar(10) CHARACTER SET utf8 COLLATE utf8_unicode_ci NOT NULL,
  `pass` varchar(5) CHARACTER SET utf8 COLLATE utf8_unicode_ci NOT NULL,
  `grade` varchar(3) CHARACTER SET utf8 COLLATE utf8_unicode_ci NOT NULL,
  `cname` varchar(20) CHARACTER SET utf8 COLLATE utf8_unicode_ci NOT NULL
) ENGINE=InnoDB DEFAULT CHARSET=utf8;

--
-- 資料表的匯出資料 `people`
--

INSERT INTO `people` (`uid`, `mid`, `cid`, `pass`, `grade`, `cname`) VALUES
('a1063302', '3043', 'LIB068', 'P', '83', '初級日語會話(二)'),
('a1063307', '3047', 'LIB013', 'P', '85', '電影中的音樂媒介'),
('a1063308', '3076', 'LIA842', 'P', '81', '臺灣原住民族文化'),
('a1063308', '3072', 'LIB032', 'P', '79', '日本社會與語言'),
('a1063308', '3051', 'LIB069', 'P', '75', '職場英文聽讀訓練'),
('a1063309', '4023', 'LIA638', 'P', '67', '視覺文化藝術'),
('a1063310', '3051', 'LIB069', 'P', '74', '職場英文聽讀訓練'),
('a1063311', '3061', 'LIA184', 'P', '89', '現代文學選讀與習作'),
('a1063311', '3030', 'LIB087', 'P', '89', '工商英文聽力和閱讀訓練'),
('a1063312', '3001', 'LIB073', 'P', '71', '初級印尼語(一) '),
('a1063312', '3022', 'LIB089', 'P', '77', '運動飲食英文'),
('a1063314', '3039', 'LIA216', 'P', '78', '籤詩文學與寺廟文化'),
('a1063316', '3030', 'LIB087', 'P', '79', '工商英文聽力和閱讀訓練'),
('a1063317', '3047', 'LIA497', 'P', '84', '台灣之流行音樂與社會變遷'),
('a1063317', '3041', 'LIB090', 'P', '75', '英語口語表達'),
('a1063318', '3072', 'LIA345', 'P', '81', '基督宗教的生命教育'),
('a1063319', '3047', 'LIB013', 'P', '89', '電影中的音樂媒介'),
('a1063321', '4075', 'LIA373', 'P', '72', '音樂與戲劇'),
('a1063322', '3047', 'LIA497', 'P', '79', '台灣之流行音樂與社會變遷'),
('a1063322', '3041', 'LIB090', 'P', '78', '英語口語表達'),
('a1063325', '3076', 'LIA842', 'P', '83', '臺灣原住民族文化'),
('a1063325', '3072', 'LIB032', 'P', '81', '日本社會與語言'),
('a1063325', '3051', 'LIB069', 'P', '79', '職場英文聽讀訓練'),
('a1063326', '3043', 'LIB068', 'P', '77', '初級日語會話(二)'),
('a1063328', '3096', 'LIA436', 'P', '87', '中國古典詩詞選讀 '),
('a1063328', '3022', 'LIB089', 'P', '76', '運動飲食英文'),
('a1063329', '3047', 'LIB013', 'P', '76', '電影中的音樂媒介'),
('a1063337', '3081', 'LIA035P', 'P', '78', '佛教的人生智慧'),
('a1063337', '3030', 'LIB087', 'P', '89', '工商英文聽力和閱讀訓練'),
('a1063338', '3072', 'LIB032', 'P', '71', '日本社會與語言'),
('a1063339', '4023', 'LIA638', 'P', '78', '視覺文化藝術'),
('a1063340', '3060', 'LIB088', 'P', '78', '旅遊商務英文'),
('a1063341', '3022', 'LIB089', 'P', '78', '運動飲食英文'),
('a1063343', '3022', 'LIB089', 'P', '79', '運動飲食英文'),
('a1063346', '4075', 'LIA373', 'P', '78', '音樂與戲劇'),
('a1063348', '3081', 'LIA035P', 'P', '84', '佛教的人生智慧'),
('a1063348', '3022', 'LIB089', 'P', '81', '運動飲食英文'),
('a1063349', '3041', 'LIB090', 'P', '70', '英語口語表達'),
('a1063351', '3072', 'LIA044', 'P', '61', '氣的探索與體驗');

-- --------------------------------------------------------

--
-- 資料表結構 `problem`
--

CREATE TABLE `problem` (
  `problemID` int(10) NOT NULL,
  `uid` varchar(40) CHARACTER SET utf8 COLLATE utf8_unicode_ci NOT NULL,
  `problemtype` varchar(20) CHARACTER SET utf8 COLLATE utf8_unicode_ci NOT NULL,
  `problem` varchar(1000) CHARACTER SET utf8 COLLATE utf8_unicode_ci NOT NULL,
  `time1` date DEFAULT NULL
) ENGINE=InnoDB DEFAULT CHARSET=utf8;

--
-- 資料表的匯出資料 `problem`
--

INSERT INTO `problem` (`problemID`, `uid`, `problemtype`, `problem`, `time1`) VALUES
(1, 'a1063308', '學分', '我的學分好像有些問題', '2019-06-05'),
(13, 'a1063325', '系統', '123', '2019-06-06'),
(14, 'a1063341', '系統', '123', '2019-06-06'),
(15, 'a1063307', '系統', '123', '2019-06-12'),
(16, 'a1063307', '修課名單', 'QQQ', '2019-06-12'),
(17, 'a1063307', '修課名單', '修課名單有非資管系的嗎', '2019-06-12'),
(18, 'a1063307', '系統', '', '2019-06-13'),
(19, 'a1063307', '系統', '', '2019-06-13'),
(20, 'a1063307', '系統', 'dsadsa', '2019-06-13'),
(21, 'a1063307', '系統', 'dsadsa', '2019-06-13'),
(22, 'a1063307', '系統', 'dsadsa', '2019-06-13'),
(23, 'a1063307', '系統', 'dsadsa', '2019-06-13'),
(24, 'a1063307', '系統', 'dsadsa', '2019-06-13'),
(25, 'a1063307', '系統', 'dsadsa', '2019-06-13'),
(26, 'a1063307', '系統', 'dsadsa', '2019-06-13'),
(27, 'a1063307', '系統', 'dsadsa', '2019-06-13'),
(29, 'a1063307', '學分', '有問題\r\n', '2019-06-13'),
(30, 'a1063307', '修課名單', '我有選課餒', '2019-06-13'),
(32, 'a1063307', '系統', '我我我', '2019-06-23'),
(33, 'a1063307', '學分', '噁心', '2019-06-23'),
(34, 'a1063307', '學分', '噁心', '2019-06-23');

-- --------------------------------------------------------

--
-- 資料表結構 `question`
--

CREATE TABLE `question` (
  `id` varchar(10) COLLATE utf8_unicode_ci NOT NULL,
  `cid` varchar(10) COLLATE utf8_unicode_ci NOT NULL,
  `cname` varchar(15) COLLATE utf8_unicode_ci NOT NULL,
  `qid` int(11) NOT NULL,
  `question` varchar(255) COLLATE utf8_unicode_ci NOT NULL,
  `date` date NOT NULL
) ENGINE=InnoDB DEFAULT CHARSET=utf8 COLLATE=utf8_unicode_ci;

--
-- 資料表的匯出資料 `question`
--

INSERT INTO `question` (`id`, `cid`, `cname`, `qid`, `question`, `date`) VALUES
('a1063329', 'IMB121', '網頁程式設計', 1, '5/9號要上課嗎', '2019-05-03'),
('a1063331', 'IMB121', '網頁程式設計', 2, '有人知道老師上次的e-mail講了什麼嗎?那裡還是有點聽不懂', '2019-05-23'),
('1068', 'IMC721', 'Python程式設計', 3, '同學有想要玩的套件可以丟上來分享', '2019-05-15'),
('a1063310', 'IMB051', '資料庫管理', 4, '有人要一起來共好最後一次的RRR嗎', '2019-06-07'),
('a1063307', 'IMB02B', '統計學(二)', 7, '有人會ANOVA分析嗎???', '2019-06-23'),
('a1063307', 'SOB003', '環境倫理', 11, '不要忘記交決賽文件喔', '2019-06-23');

-- --------------------------------------------------------

--
-- 資料表結構 `reply`
--

CREATE TABLE `reply` (
  `rid` int(10) NOT NULL,
  `qid` varchar(10) COLLATE utf8_unicode_ci NOT NULL,
  `cid` varchar(15) COLLATE utf8_unicode_ci NOT NULL,
  `id` varchar(10) COLLATE utf8_unicode_ci NOT NULL,
  `reply` varchar(255) COLLATE utf8_unicode_ci NOT NULL,
  `date` date NOT NULL
) ENGINE=InnoDB DEFAULT CHARSET=utf8 COLLATE=utf8_unicode_ci;

--
-- 資料表的匯出資料 `reply`
--

INSERT INTO `reply` (`rid`, `qid`, `cid`, `id`, `reply`, `date`) VALUES
(1, '1', 'IMB121', 'a1063301', '我印象中是不用的', '2019-05-03'),
(2, '1', 'IMB121', 'a1063331', '丁丁那天不是不在台灣嗎?不用吧', '2019-05-03'),
(3, '1', 'IMB121', 'a1063312', '我印象中怎麼是要', '2019-05-04'),
(4, '1', 'IMB121', '1615', '那天我不在喔!不用來上課', '2019-05-04'),
(5, '2', 'IMB121', 'a1063341', '我記得老師的PPT上面有，建議去e平台上面找找', '2019-05-24'),
(6, '2', 'IMB121', 'a1063330', '我也不太懂那堂課教的東西，希望有大大解釋', '2019-05-24'),
(7, '2', 'IMB121', '1615', '你們都在讀database都沒人聽我上課嗚嗚嗚', '2019-05-24'),
(8, '4', 'IMB051', 'a1063314', '這是肯定的，必須共好', '2019-06-07'),
(9, '4', 'IMB051', 'a1063322', '有人會第5題的那個圖到底是要我們話什麼嗎', '2019-06-08'),
(10, '4', 'IMB051', 'a1063350', '沒人知道他到底想要我們什麼吧', '2019-06-08'),
(11, '4', 'IMB051', 'a1063303', '我是打算把他上課畫的過程整個再畫一遍', '2019-06-07'),
(12, '1', 'IMB121', 'a1063337', '偉哉丁丁', '2019-05-07'),
(15, '4', 'IMB051', 'a1063307', '求大神帶我飛', '2019-06-23'),
(18, '4', 'IMB051', 'a1063307', '你好', '2019-06-23'),
(19, '4', 'IMB051', 'a1063307', '你好', '2019-06-23'),
(24, '1', 'IMB121', '1615', '安安', '2019-06-23'),
(25, '1', 'IMB121', 'a1063307', '汪屋', '2019-06-23'),
(28, '2', 'IMB121', '1615', '卡路里剩下一年了QQQ', '2019-06-23'),
(29, '2', 'IMB121', 'a1063307', '你好', '2019-06-23'),
(30, '7', 'IMB02B', 'a1063307', '你好啊', '2019-06-23'),
(31, '2', 'IMB121', '1615', '幫QQ', '2019-06-23'),
(32, '11', 'SOB003', 'a1063307', '我我', '2019-06-23'),
(33, '11', 'SOB003', 'a1063307', '我五', '2019-06-23');

-- --------------------------------------------------------

--
-- 資料表結構 `science`
--

CREATE TABLE `science` (
  `uid` varchar(10) CHARACTER SET utf8 COLLATE utf8_unicode_ci NOT NULL,
  `mid` varchar(10) CHARACTER SET utf8 COLLATE utf8_unicode_ci NOT NULL,
  `cid` varchar(10) CHARACTER SET utf8 COLLATE utf8_unicode_ci NOT NULL,
  `pass` varchar(5) CHARACTER SET utf8 COLLATE utf8_unicode_ci NOT NULL,
  `grade` varchar(3) CHARACTER SET utf8 COLLATE utf8_unicode_ci NOT NULL,
  `cname` varchar(20) CHARACTER SET utf8 COLLATE utf8_unicode_ci NOT NULL
) ENGINE=InnoDB DEFAULT CHARSET=utf8;

--
-- 資料表的匯出資料 `science`
--

INSERT INTO `science` (`uid`, `mid`, `cid`, `pass`, `grade`, `cname`) VALUES
('a1063302', '2091', 'SCA286', 'P', '85', '傳統推拿整復概論'),
('a1063303', '2073', 'SCA621', 'P', '79', '人類生殖探秘'),
('a1063304', '2061', 'SCA731', 'P', '82', '網球運動理論與實務'),
('a1063306', '2079', 'SCA711', 'P', '78', '健康與生活'),
('a1063309', '2048', 'SCA904', 'P', '81', '體驗設計思維'),
('a1063310', '2051', 'SCA761', 'P', '80', '羽球運動理論與實務'),
('a1063312', '2012', 'SCA483', 'P', '79', '自然保育概論'),
('a1063313', '2003', 'SCA774', 'P', '79', '棒球運動理論與實務'),
('a1063314', '2061', 'SCA731', 'P', '79', '網球運動理論與實務'),
('a1063315', '2956', 'SCA233', 'P', '85', '光合作用與減碳'),
('a1063315', '2040', 'SCA798', 'P', '76', '資訊基本能力'),
('a1063317', '2003', 'SCA774', 'P', '83', '棒球運動理論與實務'),
('a1063320', '2064', 'SCA785', 'P', '73', '休閒概論'),
('a1063321', '2051', 'SCA761', 'P', '84', '羽球運動理論與實務'),
('a1063322', '2040', 'SCA798', 'P', '82', '資訊基本能力'),
('a1063324', '2073', 'SCA621', 'P', '82', '人類生殖探秘'),
('a1063326', '2079', 'SCA572', 'P', '76', '常用藥物基本知識'),
('a1063328', '2035', 'SCA506', 'P', '74', '認識韌性城市'),
('a1063328', '2003', 'SCA774', 'P', '81', '棒球運動理論與實務'),
('a1063330', '2048', 'SCA902', 'P', '88', '基礎程式設計'),
('a1063331', '2079', 'SCA711', 'P', '80', '健康與生活'),
('a1063332', '2079', 'SCA711', 'P', '81', '健康與生活'),
('a1063334', '2956', 'SCA233', 'P', '73', '光合作用與減碳'),
('a1063334', '2040', 'SCA798', 'P', '68', '資訊基本能力'),
('a1063335', '2061', 'SCA731', 'P', '88', '網球運動理論與實務'),
('a1063343', '2012', 'SCA483', 'P', '78', '自然保育概論'),
('a1063346', '2051', 'SCA761', 'P', '78', '羽球運動理論與實務'),
('a1063349', '2099', 'SCA741', 'P', '85', '國際標準舞理論與實務'),
('a1063350', '2956', 'SCA233', 'P', '67', '光合作用與減碳'),
('a1063350', '2064', 'SCA785', 'P', '73', '休閒概論');

-- --------------------------------------------------------

--
-- 資料表結構 `scienceclass`
--

CREATE TABLE `scienceclass` (
  `mid` varchar(10) CHARACTER SET utf8 COLLATE utf8_unicode_ci NOT NULL,
  `cid` varchar(10) CHARACTER SET utf8 COLLATE utf8_unicode_ci NOT NULL,
  `cname` varchar(20) CHARACTER SET utf8 COLLATE utf8_unicode_ci NOT NULL
) ENGINE=InnoDB DEFAULT CHARSET=utf8;

--
-- 資料表的匯出資料 `scienceclass`
--

INSERT INTO `scienceclass` (`mid`, `cid`, `cname`) VALUES
('4076', 'SCA137', '科學史: 從古代到科學革命'),
('2956', 'SCA233', '光合作用與減碳'),
('2091', 'SCA286', '傳統推拿整復概論'),
('4077', 'SCA293', '環境保護'),
('2012', 'SCA483', '自然保育概論'),
('2035', 'SCA506', '認識韌性城市'),
('2083', 'SCA561', '病毒學漫談'),
('2079', 'SCA572', '常用藥物基本知識'),
('4098', 'SCA593', '科學思維: 科學家怎麼想'),
('2073', 'SCA621', '人類生殖探秘'),
('2044', 'SCA685', '生態環境解說'),
('2079', 'SCA711', '健康與生活'),
('2061', 'SCA731', '網球運動理論與實務'),
('2099', 'SCA741', '國際標準舞理論與實務'),
('2051', 'SCA761', '羽球運動理論與實務'),
('2089', 'SCA773', '跆拳道運動與防身術'),
('2003', 'SCA774', '棒球運動理論與實務'),
('2099', 'SCA775', '飛鏢理論與實務'),
('2064', 'SCA785', '休閒概論'),
('2040', 'SCA798', '資訊基本能力'),
('2038', 'SCA799', '資訊安全概論'),
('2054', 'SCA901', '網路資訊挖掘'),
('2048', 'SCA902', '基礎程式設計'),
('2048', 'SCA904', '體驗設計思維');

-- --------------------------------------------------------

--
-- 資料表結構 `social`
--

CREATE TABLE `social` (
  `uid` varchar(10) CHARACTER SET utf8 COLLATE utf8_unicode_ci NOT NULL,
  `mid` varchar(10) CHARACTER SET utf8 COLLATE utf8_unicode_ci NOT NULL,
  `cid` varchar(10) CHARACTER SET utf8 COLLATE utf8_unicode_ci NOT NULL,
  `pass` varchar(5) CHARACTER SET utf8 COLLATE utf8_unicode_ci NOT NULL,
  `grade` varchar(3) CHARACTER SET utf8 COLLATE utf8_unicode_ci NOT NULL,
  `cname` varchar(20) CHARACTER SET utf8 COLLATE utf8_unicode_ci NOT NULL
) ENGINE=InnoDB DEFAULT CHARSET=utf8;

--
-- 資料表的匯出資料 `social`
--

INSERT INTO `social` (`uid`, `mid`, `cid`, `pass`, `grade`, `cname`) VALUES
('a1063301', '5011', 'SOB003', 'P', '86', '政府文書(公文寫作)'),
('a1063302', '4029', 'SOA225', 'P', '82', '電影敘事與製作'),
('a1063303', '5086', 'SOA118', 'P', '68', '理財與人生'),
('a1063303', '5015', 'SOB105', 'P', '79', '服務學習'),
('a1063306', '5001', 'SOA365', 'P', '71', '領導統御'),
('a1063307', '5011', 'SOB003', 'P', '81', '政府文書(公文寫作)'),
('a1063308', '5039', 'SOA012', 'P', '78', '生活經濟學'),
('a1063309', '5007', 'SOA691', 'P', '79', '高大卓越講座'),
('a1063311', '5005', 'SOA618', 'P', '82', '全球化與台灣高等教育'),
('a1063313', '5002', 'SOA372', 'P', '70', '自我管理與生涯規劃'),
('a1063313', '5048', 'SOB102', 'P', '84', '服務學習'),
('a1063316', '4029', 'SOA225', 'P', '89', '電影敘事與製作'),
('a1063316', '5007', 'SOA691', 'P', '72', '高大卓越講座'),
('a1063316', '5012', 'SOB101', 'P', '76', '服務學習'),
('a1063317', '5086', 'SOB012', 'P', '72', '民營化的迷思'),
('a1063318', '5048', 'SOA188', 'P', '81', '多元性別與親密關係'),
('a1063319', '5012', 'SOB101', 'P', '69', '服務學習'),
('a1063320', '5010', 'SOA972', 'P', '70', '壓力情緒管理'),
('a1063321', '5048', 'SOB102', 'P', '81', '服務學習'),
('a1063322', '5007', 'SOA691', 'P', '80', '高大卓越講座'),
('a1063323', '5005', 'SOA618', 'P', '80', '全球化與台灣高等教育'),
('a1063324', '5015', 'SOB105', 'P', '86', '服務學習'),
('a1063325', '5039', 'SOA012', 'P', '89', '生活經濟學'),
('a1063328', '4053', 'SOA183', 'P', '79', '性/別與法律'),
('a1063329', '5011', 'SOB003', 'P', '79', '政府文書(公文寫作)'),
('a1063334', '5004', 'SOA524', 'P', '79', '設計思考'),
('a1063338', '5039', 'SOA012', 'P', '79', '生活經濟學'),
('a1063338', '5009', 'SOA963', 'P', '82', '人際關係'),
('a1063339', '5048', 'SOA188', 'P', '79', '多元性別與親密關係'),
('a1063340', '5012', 'SOB101', 'P', '78', '服務學習'),
('a1063348', '4053', 'SOA183', 'P', '80', '性/別與法律'),
('a1063348', '5015', 'SOB105', 'P', '80', '服務學習'),
('a1063349', '5086', 'SOB012', 'P', '80', '民營化的迷思'),
('a1063350', '5007', 'SOA691', 'P', '70', '高大卓越講座'),
('a1063350', '5010', 'SOA972', 'P', '76', '壓力情緒管理'),
('a1063351', '5002', 'SOA372', 'P', '79', '自我管理與生涯規劃');

-- --------------------------------------------------------

--
-- 資料表結構 `socialclass`
--

CREATE TABLE `socialclass` (
  `mid` varchar(10) CHARACTER SET utf8 COLLATE utf8_unicode_ci NOT NULL,
  `cid` varchar(10) CHARACTER SET utf8 COLLATE utf8_unicode_ci NOT NULL,
  `cname` varchar(20) CHARACTER SET utf8 COLLATE utf8_unicode_ci NOT NULL
) ENGINE=InnoDB DEFAULT CHARSET=utf8;

--
-- 資料表的匯出資料 `socialclass`
--

INSERT INTO `socialclass` (`mid`, `cid`, `cname`) VALUES
('5039', 'SOA012', '生活經濟學 '),
('5086', 'SOA033', '資產配置與信託規劃實務'),
('5086', 'SOA118', '理財與人生'),
('4053', 'SOA183', '性/別與法律'),
('5048', 'SOA188', '多元性別與親密關係'),
('4029', 'SOA225', '電影敘事與製作'),
('5001', 'SOA365', '領導統御'),
('5001', 'SOA367', '孫子兵法'),
('5002', 'SOA372', '自我管理與生涯規劃'),
('5003', 'SOA474', '創意、創新與創業'),
('5004', 'SOA524', '設計思考'),
('5005', 'SOA618', '全球化與台灣高等教育'),
('5006', 'SOA686', '交通事故鑑定法規與案例解說'),
('5007', 'SOA691', '高大卓越講座'),
('5008', 'SOA840', '媒體與公關實務'),
('5009', 'SOA963', '人際關係'),
('5010', 'SOA972', '壓力情緒管理'),
('5011', 'SOB003', '政府文書(公文寫作)'),
('5086', 'SOB012', '民營化的迷思'),
('4053', 'SOB051', '智慧財產權'),
('5009', 'SOB091', '國際禮儀'),
('5012', 'SOB101', '服務學習'),
('5048', 'SOB102', '服務學習'),
('5013', 'SOB103', '服務學習'),
('5014', 'SOB104', '服務學習'),
('5015', 'SOB105', '服務學習'),
('4061', 'SOB106', '服務學習');

-- --------------------------------------------------------

--
-- 資料表結構 `udata`
--

CREATE TABLE `udata` (
  `id` varchar(10) COLLATE utf8_unicode_ci NOT NULL,
  `name` varchar(10) COLLATE utf8_unicode_ci NOT NULL,
  `email` varchar(30) COLLATE utf8_unicode_ci NOT NULL,
  `pwd` varchar(15) COLLATE utf8_unicode_ci NOT NULL
) ENGINE=InnoDB DEFAULT CHARSET=utf8 COLLATE=utf8_unicode_ci;

--
-- 資料表的匯出資料 `udata`
--

INSERT INTO `udata` (`id`, `name`, `email`, `pwd`) VALUES
('a1063301', '王薇琳', 'a1063301@mail.nuk.edu.tw', 'A1063301'),
('a1063302', '張子妍', 'a1063302@mail.nuk.edu.tw', 'A1063302'),
('a1063303', '林湘縈', 'a1063303@mail.nuk.edu.tw', 'A1063303'),
('a1063304', '李佳樺', 'a1063304@mail.nuk.edu.tw', 'A1063304'),
('a1063306', '呂承恩', 'a1063306@mail.nuk.edu.tw', 'A1063306'),
('a1063307', '王郁婷', 'a1063307@mail.nuk.edu.tw', 'A1063307'),
('a1063308', '楊子榕', 'a1063308@mail.nuk.edu.tw', 'A1063308'),
('a1063309', '施柏宇', 'a1063309@mail.nuk.edu.tw', 'A1063309'),
('a1063310', '廖七分', 'a1063310@mail.nuk.edu.tw', 'A1063310'),
('a1063311', '童譯萱', 'a1063311@mail.nuk.edu.tw', 'A1063311'),
('a1063312', '周君臨', 'a1063312@mail.nuk.edu.tw', 'A1063312'),
('a1063313', '鄧伊祐', 'a1063313@mail.nuk.edu.tw', 'A1063313'),
('a1063314', '呂勁霆', 'a1063314@mail.nuk.edu.tw', 'A1063314'),
('a1063315', '許雅涵', 'a1063315@mail.nuk.edu.tw', 'A1063315'),
('a1063316', '粘庭瑀', 'a1063316@mail.nuk.edu.tw', 'A1063316'),
('a1063317', '陳侑均', 'a1063317@mail.nuk.edu.tw', 'A1063317'),
('a1063318', '謝蕎宇', 'a1063318@mail.nuk.edu.tw', 'A1063318'),
('a1063319', '王昱琳', 'a1063319@mail.nuk.edu.tw', 'A1063319'),
('a1063320', '張映萱', 'a1063320@mail.nuk.edu.tw', 'A1063320'),
('a1063321', '劉晉杰', 'a1063321@mail.nuk.edu.tw', 'A1063321'),
('a1063322', '郭倧僓', 'a1063322@mail.nuk.edu.tw', 'A1063322'),
('a1063323', '覃喆明', 'a1063323@mail.nuk.edu.tw', 'A1063323'),
('a1063324', '邱湘淳', 'a1063324@mail.nuk.edu.tw', 'A1063324'),
('a1063325', '黃偉倫', 'a1063325@mail.nuk.edu.tw', 'A1063325'),
('a1063326', '張芷菱', 'a1063326@mail.nuk.edu.tw', 'A1063326'),
('a1063328', '林家音', 'a1063328@mail.nuk.edu.tw', 'A1063328'),
('a1063329', '王新賦', 'a1063329@mail.nuk.edu.tw', 'A1063329'),
('a1063330', '孫子淵', 'a1063330@mail.nuk.edu.tw', 'A1063330'),
('a1063331', '何國琳', 'a1063331@mail.nuk.edu.tw', 'A1063331'),
('a1063332', '石信立', 'a1063332@mail.nuk.edu.tw', 'A1063332'),
('a1063334', '許雯婷', 'a1063334@mail.nuk.edu.tw', 'A1063334'),
('a1063335', '李昱賢', 'a1063335@mail.nuk.edu.tw', 'A1063335'),
('a1063337', '曾鈺勝', 'a1063337@mail.nuk.edu.tw', 'A1063337'),
('a1063338', '黃奕鈞', 'a1063338@mail.nuk.edu.tw', 'A1063338'),
('a1063339', '謝孟儒', 'a1063339@mail.nuk.edu.tw', 'A1063339'),
('a1063340', '王孟暄', 'a1063340@mail.nuk.edu.tw', 'A1063340'),
('a1063341', '林思璇', 'a1063341@mail.nuk.edu.tw', 'A1063341'),
('a1063343', '林方瑜', 'a1063343@mail.nuk.edu.tw', 'A1063343'),
('a1063346', '劉俊傑', 'a1063346@mail.nuk.edu.tw', 'A1063346'),
('a1063348', '林家瑜', 'a1063348@mail.nuk.edu.tw', 'A1063348'),
('a1063349', '陳映潔', 'a1063349@mail.nuk.edu.tw', 'A1063349'),
('a1063350', '張家蓁', 'a1063350@mail.nuk.edu.tw', 'A1063350'),
('a1063351', '謝元珽', 'a1063351@mail.nuk.edu.tw', 'A1063351');

-- --------------------------------------------------------

--
-- 資料表結構 `user`
--

CREATE TABLE `user` (
  `num` int(100) NOT NULL,
  `name` varchar(40) COLLATE utf8_unicode_ci NOT NULL,
  `email` varchar(264) COLLATE utf8_unicode_ci NOT NULL,
  `id` varchar(40) COLLATE utf8_unicode_ci NOT NULL,
  `pwd` varchar(40) COLLATE utf8_unicode_ci NOT NULL
) ENGINE=InnoDB DEFAULT CHARSET=utf8 COLLATE=utf8_unicode_ci;

--
-- 資料表的匯出資料 `user`
--

INSERT INTO `user` (`num`, `name`, `email`, `id`, `pwd`) VALUES
(1, '王郁婷', 'a1063307@mail.nuk.edu.tw', 'a1063307', 'a1063307');

-- --------------------------------------------------------

--
-- 資料表結構 `uvote`
--

CREATE TABLE `uvote` (
  `unum` varchar(40) COLLATE utf8_unicode_ci NOT NULL,
  `vnum` varchar(40) COLLATE utf8_unicode_ci NOT NULL,
  `onum` int(40) NOT NULL,
  `date` date NOT NULL
) ENGINE=InnoDB DEFAULT CHARSET=utf8 COLLATE=utf8_unicode_ci;

--
-- 資料表的匯出資料 `uvote`
--

INSERT INTO `uvote` (`unum`, `vnum`, `onum`, `date`) VALUES
('1615', 'v08', 20, '2019-06-13'),
('A1063301', 'v03', 7, '2019-05-06'),
('A1063302', 'v01', 1, '2019-05-01'),
('A1063303', 'v01', 1, '2019-05-02'),
('A1063304', 'v01', 1, '2019-05-02'),
('A1063306', 'v01', 1, '2019-05-02'),
('a1063307', 'v02', 4, '2019-06-23'),
('a1063307', 'v04', 8, '2019-06-13'),
('A1063308', 'v01', 2, '2019-05-01'),
('A1063309', 'v01', 2, '2019-05-02'),
('A1063309', 'v04', 8, '2019-05-14'),
('A1063310', 'v01', 1, '2019-05-01'),
('A1063311', 'v01', 1, '2019-05-01'),
('A1063311', 'v04', 8, '2019-05-14'),
('A1063312', 'v01', 1, '2019-05-02'),
('A1063313', 'v01', 2, '2019-05-01'),
('A1063313', 'v02', 3, '2019-05-01'),
('A1063314', 'v01', 1, '2019-05-02'),
('A1063315', 'v01', 1, '2019-05-01'),
('A1063315', 'v03', 6, '2019-05-05'),
('A1063316', 'v01', 1, '2019-05-01'),
('A1063317', 'v01', 1, '2019-05-01'),
('A1063318', 'v01', 1, '2019-05-01'),
('A1063319', 'v01', 1, '2019-05-02'),
('A1063320', 'v01', 1, '2019-05-01'),
('A1063321', 'v01', 1, '2019-05-01'),
('A1063321', 'v02', 3, '2019-05-09'),
('A1063324', 'v04', 8, '2019-05-15'),
('A1063329', 'v01', 1, '2019-05-02'),
('A1063329', 'v04', 8, '2019-05-14'),
('A1063332', 'v01', 2, '2019-05-02'),
('A1063334', 'v01', 1, '2019-05-01'),
('A1063337', 'v04', 8, '2019-05-15'),
('A1063338', 'v01', 2, '0000-00-00'),
('A1063346', 'v01', 1, '2019-05-01'),
('A1063346', 'v02', 3, '2019-05-09'),
('A1063348', 'v01', 1, '2019-05-02'),
('A1063350', 'v01', 2, '2019-05-01'),
('A1063350', 'v03', 5, '2019-05-05'),
('A1063351', 'v01', 2, '2019-05-01'),
('A1063351', 'v02', 3, '2019-05-09');

-- --------------------------------------------------------

--
-- 資料表結構 `voteoption`
--

CREATE TABLE `voteoption` (
  `vnum` varchar(40) COLLATE utf8_unicode_ci NOT NULL,
  `onum` int(40) NOT NULL,
  `content` varchar(100) COLLATE utf8_unicode_ci NOT NULL
) ENGINE=InnoDB DEFAULT CHARSET=utf8 COLLATE=utf8_unicode_ci;

--
-- 資料表的匯出資料 `voteoption`
--

INSERT INTO `voteoption` (`vnum`, `onum`, `content`) VALUES
('v01', 1, '想'),
('v01', 2, '不想'),
('v02', 3, '炸雞'),
('v02', 4, '包子'),
('v03', 5, '5月7日'),
('v03', 6, '5月8日'),
('v03', 7, '5月9日'),
('v04', 8, '蔡英文'),
('v04', 9, '賴清德'),
('v05', 18, '是'),
('v05', 19, '否'),
('v08', 20, '肉'),
('v08', 21, '面');

--
-- 已匯出資料表的索引
--

--
-- 資料表索引 `board`
--
ALTER TABLE `board`
  ADD PRIMARY KEY (`bid`);

--
-- 資料表索引 `choose`
--
ALTER TABLE `choose`
  ADD PRIMARY KEY (`uid`,`cid`);

--
-- 資料表索引 `core`
--
ALTER TABLE `core`
  ADD PRIMARY KEY (`uid`,`cid`);

--
-- 資料表索引 `coreclass`
--
ALTER TABLE `coreclass`
  ADD PRIMARY KEY (`mid`,`cid`);

--
-- 資料表索引 `discuss`
--
ALTER TABLE `discuss`
  ADD PRIMARY KEY (`did`);

--
-- 資料表索引 `evaluation`
--
ALTER TABLE `evaluation`
  ADD PRIMARY KEY (`eid`);

--
-- 資料表索引 `manager`
--
ALTER TABLE `manager`
  ADD PRIMARY KEY (`num`);

--
-- 資料表索引 `mdata`
--
ALTER TABLE `mdata`
  ADD PRIMARY KEY (`ID`);

--
-- 資料表索引 `mustclass`
--
ALTER TABLE `mustclass`
  ADD PRIMARY KEY (`uid`,`cid`);

--
-- 資料表索引 `mvote`
--
ALTER TABLE `mvote`
  ADD PRIMARY KEY (`vnum`);

--
-- 資料表索引 `pclass`
--
ALTER TABLE `pclass`
  ADD PRIMARY KEY (`mid`,`cid`);

--
-- 資料表索引 `people`
--
ALTER TABLE `people`
  ADD PRIMARY KEY (`uid`,`cid`);

--
-- 資料表索引 `problem`
--
ALTER TABLE `problem`
  ADD PRIMARY KEY (`problemID`);

--
-- 資料表索引 `question`
--
ALTER TABLE `question`
  ADD PRIMARY KEY (`qid`);

--
-- 資料表索引 `reply`
--
ALTER TABLE `reply`
  ADD PRIMARY KEY (`rid`);

--
-- 資料表索引 `science`
--
ALTER TABLE `science`
  ADD PRIMARY KEY (`uid`,`cid`);

--
-- 資料表索引 `scienceclass`
--
ALTER TABLE `scienceclass`
  ADD PRIMARY KEY (`cid`);

--
-- 資料表索引 `social`
--
ALTER TABLE `social`
  ADD PRIMARY KEY (`uid`,`cid`);

--
-- 資料表索引 `socialclass`
--
ALTER TABLE `socialclass`
  ADD PRIMARY KEY (`cid`);

--
-- 資料表索引 `udata`
--
ALTER TABLE `udata`
  ADD PRIMARY KEY (`id`);

--
-- 資料表索引 `user`
--
ALTER TABLE `user`
  ADD PRIMARY KEY (`num`);

--
-- 資料表索引 `uvote`
--
ALTER TABLE `uvote`
  ADD PRIMARY KEY (`unum`,`vnum`);

--
-- 資料表索引 `voteoption`
--
ALTER TABLE `voteoption`
  ADD PRIMARY KEY (`onum`);

--
-- 在匯出的資料表使用 AUTO_INCREMENT
--

--
-- 使用資料表 AUTO_INCREMENT `board`
--
ALTER TABLE `board`
  MODIFY `bid` int(10) NOT NULL AUTO_INCREMENT, AUTO_INCREMENT=35;
--
-- 使用資料表 AUTO_INCREMENT `discuss`
--
ALTER TABLE `discuss`
  MODIFY `did` int(10) NOT NULL AUTO_INCREMENT, AUTO_INCREMENT=22;
--
-- 使用資料表 AUTO_INCREMENT `evaluation`
--
ALTER TABLE `evaluation`
  MODIFY `eid` int(10) NOT NULL AUTO_INCREMENT, AUTO_INCREMENT=48;
--
-- 使用資料表 AUTO_INCREMENT `problem`
--
ALTER TABLE `problem`
  MODIFY `problemID` int(10) NOT NULL AUTO_INCREMENT, AUTO_INCREMENT=35;
--
-- 使用資料表 AUTO_INCREMENT `question`
--
ALTER TABLE `question`
  MODIFY `qid` int(11) NOT NULL AUTO_INCREMENT, AUTO_INCREMENT=12;
--
-- 使用資料表 AUTO_INCREMENT `reply`
--
ALTER TABLE `reply`
  MODIFY `rid` int(10) NOT NULL AUTO_INCREMENT, AUTO_INCREMENT=37;
--
-- 使用資料表 AUTO_INCREMENT `user`
--
ALTER TABLE `user`
  MODIFY `num` int(100) NOT NULL AUTO_INCREMENT, AUTO_INCREMENT=2;
--
-- 使用資料表 AUTO_INCREMENT `voteoption`
--
ALTER TABLE `voteoption`
  MODIFY `onum` int(40) NOT NULL AUTO_INCREMENT, AUTO_INCREMENT=22;
/*!40101 SET CHARACTER_SET_CLIENT=@OLD_CHARACTER_SET_CLIENT */;
/*!40101 SET CHARACTER_SET_RESULTS=@OLD_CHARACTER_SET_RESULTS */;
/*!40101 SET COLLATION_CONNECTION=@OLD_COLLATION_CONNECTION */;
